tweet_id,Stance
1251011865720676357,NONE
1251011954203783168,NONE
1251012064140644352,NONE
1251012335050862592,NONE
1251012794624835584,NONE
1251012815898501123,NONE
1251012912874840064,NONE
1251013085701246977,AGAINST
1251013288525099008,NONE
1251013295370203136,NONE
1251013414908039169,AGAINST
1251013546344960000,AGAINST
1251013731108216832,NONE
1251013774288584704,AGAINST
1251013804172947456,NONE
1251013859638312960,NONE
1251013899413000192,AGAINST
1251013948217974785,NONE
1251014314225364992,NONE
1251014442298437638,NONE
1251014530974601220,AGAINST
1251014615980404737,FAVOR
1251014674574913536,NONE
1251014777393934338,NONE
1251015023704641537,AGAINST
1251015084270407681,NONE
1251015244341805060,NONE
1251015364122513408,NONE
1251015380115443713,FAVOR
1251015900829974528,AGAINST
1251016454272507904,AGAINST
1251016489219448833,NONE
1251016711198949377,AGAINST
1251016808812941313,FAVOR
1251016873409462272,NONE
1251016935174594566,NONE
1251017271285133312,FAVOR
1251017564530016256,NONE
1251017608146518016,NONE
1251017658184712192,AGAINST
1251017966012870656,FAVOR
1251018006030725122,NONE
1251018135739731968,NONE
1251018165292634112,AGAINST
1251018366640427009,NONE
1251018631888154626,FAVOR
1251018940408455168,AGAINST
1251018965645766656,FAVOR
1251019077906313222,NONE
1251019279010422785,NONE
1251019557419925504,NONE
1251019645840211971,NONE
1251019840225259520,NONE
1251019874488455170,AGAINST
1251019963525103616,AGAINST
1251020190692913160,NONE
1251020395936919552,NONE
1251020797138919429,NONE
1251020851748601858,AGAINST
1251021070389448704,NONE
1251021105407483907,AGAINST
1251021277361393665,NONE
1251021285603368960,NONE
1251021375097184256,NONE
1251021644484624384,NONE
1251022083959603201,AGAINST
1251022133188157441,NONE
1251022154054991872,NONE
1251022242407952384,AGAINST
1251022343691960321,NONE
1251022495097880576,NONE
1251022559103066112,NONE
1251022975488360451,FAVOR
1251023124063289346,NONE
1251023215880622081,AGAINST
1251023235338194947,FAVOR
1251023281961959425,FAVOR
1251023355043549185,NONE
1251023593749778432,NONE
1251023662557233152,AGAINST
1251023752537595904,NONE
1251023991629844480,NONE
1251024072684662791,NONE
1251024263114620928,FAVOR
1251024798227914753,NONE
1251024839587983360,FAVOR
1251025087316148226,NONE
1251025165783187456,NONE
1251025216375009281,NONE
1251025416766308352,NONE
1251025610903674880,NONE
1251025712854827009,NONE
1251025910490378240,NONE
1251026018862800896,NONE
1251026268201443330,NONE
1251026320676487169,NONE
1251026492823236610,FAVOR
1251026701221535744,AGAINST
1251026858574876673,NONE
1251026985381396480,AGAINST
1251027089714745344,NONE
1251027091937792000,NONE
1251027546474344448,AGAINST
1251028031965147137,NONE
1251028142099054593,NONE
1251028153880977409,NONE
1251028484736122881,NONE
1251028890199392256,NONE
1251029013302095872,AGAINST
1251029163810537472,AGAINST
1251029251794534400,FAVOR
1251029689931649024,AGAINST
1251029863965679617,NONE
1251030183987032067,NONE
1251030368872017920,NONE
1251030449457033218,FAVOR
1251030489852375040,NONE
1251030665233080320,NONE
1251030758317346816,FAVOR
1251030792660123650,NONE
1251030813602467840,NONE
1251030944816992257,NONE
1251031059011166208,NONE
1251031152221192193,NONE
1251031300317671425,AGAINST
1251031311252250624,NONE
1251031394366763009,FAVOR
1251031562453422080,NONE
1251031573505339393,NONE
1251031663964028929,NONE
1251031833002704896,NONE
1251032224662609922,AGAINST
1251032260914094087,NONE
1251032386894258177,NONE
1251032540032294913,AGAINST
1251032562857721856,AGAINST
1251032599365070848,FAVOR
1251033295443365888,FAVOR
1251033426271940609,NONE
1251033446425624576,NONE
1251033505326198784,FAVOR
1251033637971046400,NONE
1251033749808009216,NONE
1251033753419309058,NONE
1251034022748123136,NONE
1251034192739098629,NONE
1251034338268831744,NONE
1251034459450695683,NONE
1251034654779543554,AGAINST
1251034671288385536,AGAINST
1251034797650018304,NONE
1251035365705691137,NONE
1251035663035588608,NONE
1251035722393333760,AGAINST
1251036000081473537,NONE
1251036223919083520,FAVOR
1251036288666316802,FAVOR
1251036638748094464,AGAINST
1251036837784678402,NONE
1251036933016424448,NONE
1251037007989612549,FAVOR
1251037058908422144,AGAINST
1251037110213238786,NONE
1251037855855476737,NONE
1251038173049880578,NONE
1251038188287725568,NONE
1251038226623627265,NONE
1251038420610306048,AGAINST
1251038663451881472,NONE
1251038679625273346,AGAINST
1251038774756335616,NONE
1251038994734997504,NONE
1251039016549584897,NONE
1251039393068048384,AGAINST
1251039422889562112,NONE
1251039449305104384,AGAINST
1251039623003938816,NONE
1251039774258823169,NONE
1251039816214552577,AGAINST
1251040413856620545,AGAINST
1251040731948408833,NONE
1251040835317010433,AGAINST
1251040971413954561,AGAINST
1251041225131597824,NONE
1251041412646342659,NONE
1251041416354004993,NONE
1251041738204086274,AGAINST
1251041912699580420,NONE
1251042150784970753,NONE
1251042264345980929,NONE
1251042268104069120,NONE
1251042273824931840,NONE
1251042445816737793,NONE
1251042760435445761,AGAINST
1251042788113879040,NONE
1251042877339140096,NONE
1251043060500377601,NONE
1251043127584002048,AGAINST
1251043132403339269,NONE
1251043148450590723,NONE
1251043308857589760,NONE
1251043463522631681,FAVOR
1251043687917813760,AGAINST
1251043796634263553,NONE
1251043802581741568,AGAINST
1251044121403371520,NONE
1251044243717718017,NONE
1251044279734071296,NONE
1251044458893840384,NONE
1251044461494312960,NONE
1251044475209736192,NONE
1251044664163160064,AGAINST
1251044721683763200,AGAINST
1251045108729831424,NONE
1251045161221701633,AGAINST
1251045211955838977,NONE
1251045244004679681,AGAINST
1251045293690241025,NONE
1251045451748511744,NONE
1251045762978516992,NONE
1251045798218997761,NONE
1251046108702392322,AGAINST
1251046141178736647,NONE
1251046314797871105,FAVOR
1251046401871659015,AGAINST
1251046599545020416,AGAINST
1251047012591636480,FAVOR
1251047226517843968,NONE
1251047241986519040,NONE
1251047244222128129,AGAINST
1251047597654990848,AGAINST
1251047824281698305,AGAINST
1251047925054156801,NONE
1251047937620180992,NONE
1251047948940709888,NONE
1251048284170395650,NONE
1251048546347909120,NONE
1251048641902645248,NONE
1251049196888698880,NONE
1251049287309357059,NONE
1251049920619933698,NONE
1251050213197955079,NONE
1251051004373630976,AGAINST
1251051099626393602,NONE
1251051110346915840,FAVOR
1251051145344061440,NONE
1251051163283337216,NONE
1251051640049659906,NONE
1251051670756143104,FAVOR
1251051692260556802,NONE
1251051791619436547,AGAINST
1251051918039932929,NONE
1251052084809527297,NONE
1251052304293396486,NONE
1251052378335309824,AGAINST
1251052456504524802,NONE
1251052507893313537,NONE
1251052707277725696,AGAINST
1251053006574870529,NONE
1251053007460073473,FAVOR
1251053079438344192,FAVOR
1251053104658657282,AGAINST
1251053313274994688,NONE
1251053404857589761,NONE
1251053441859772416,NONE
1251053471903764480,NONE
1251053656918687744,NONE
1251053675721580544,NONE
1251053813970034688,NONE
1251053866432425991,NONE
1251053872203866112,NONE
1251054140266078211,NONE
1251054150412054528,NONE
1251054533519736832,NONE
1251054803989393409,NONE
1251054846616104960,NONE
1251054978791124993,NONE
1251055662768902144,AGAINST
1251055674244632582,NONE
1251055749578571776,AGAINST
1251055997730172928,NONE
1251056052289839109,AGAINST
1251056581967515648,NONE
1251056669141823488,FAVOR
1251056780378902529,FAVOR
1251057020528140288,NONE
1251057544111353857,NONE
1251058169381621760,NONE
1251058261249277952,AGAINST
1251058827211886593,NONE
1251058835277545472,NONE
1251059144762683392,NONE
1251059285443952642,AGAINST
1251060051671908352,NONE
1251060135696510976,AGAINST
1251060146677088257,NONE
1251060233016946689,AGAINST
1251060746651234304,NONE
1251061205697007616,FAVOR
1251061217604644865,NONE
1251061292292550656,NONE
1251061571582750721,NONE
1251061687882563585,NONE
1251061849170288640,NONE
1251061921790545920,NONE
1251062091533873158,AGAINST
1251062200300642310,NONE
1251062282055892992,FAVOR
1251062301089824769,FAVOR
1251062406693847041,NONE
1251062465581838336,NONE
1251062681756479488,NONE
1251062689796849664,NONE
1251062767747952641,NONE
1251062849855619072,NONE
1251062919657189378,NONE
1251062967883272192,NONE
1251063008526323712,NONE
1251063093490257920,NONE
1251063192328957952,NONE
1251063248608202752,NONE
1251063258754289664,NONE
1251063284301619200,NONE
1251063330728525825,NONE
1251063349514731520,NONE
1251063447703281669,NONE
1251064219753017344,NONE
1251064568576536583,NONE
1251064780787290113,NONE
1251064851209699328,NONE
1251065048463785985,NONE
1251065068931907584,NONE
1251065071876239360,NONE
1251065166856413184,NONE
1251065249337245696,NONE
1251065408515432448,NONE
1251065483283042304,NONE
1251065603017728000,NONE
1251065636991705088,NONE
1251065663268941824,NONE
1251065668935409664,FAVOR
1251065762736939009,FAVOR
1251065893385355264,NONE
1251066030681518081,NONE
1251066267286437888,NONE
1251066366066491392,NONE
1251066598867124226,NONE
1251066649668698112,FAVOR
1251066655909830657,AGAINST
1251067671501627393,NONE
1251067853266210822,NONE
1251067891174301696,NONE
1251068024125349888,NONE
1251068186088181760,NONE
1251068206946512898,NONE
1251068438719668224,NONE
1251068439491342338,NONE
1251068815317913601,NONE
1251068845999001602,NONE
1251069078208417792,NONE
1251069200929624069,NONE
1251069311579389952,NONE
1251069541666488320,NONE
1251069608880111616,FAVOR
1251069650147966976,NONE
1251070074514862087,NONE
1251070142244548608,NONE
1251070172095492096,AGAINST
1251070399305170945,NONE
1251070760233263105,NONE
1251070856979025922,NONE
1251070902990561281,NONE
1251070934888280064,NONE
1251070981231312897,NONE
1251071042333708290,NONE
1251071053465444352,NONE
1251071112638689281,NONE
1251071129474797571,NONE
1251071151520002048,NONE
1251071349658775554,NONE
1251071628408020992,NONE
1251071699723980801,NONE
1251071841793241093,NONE
1251071984718528513,NONE
1251071985112821760,NONE
1251072196992106497,AGAINST
1251072395806457858,NONE
1251072700711415808,NONE
1251072763764170754,NONE
1251073217982128129,NONE
1251073502070874112,AGAINST
1251073504725721088,NONE
1251073504855814146,NONE
1251073548552032256,NONE
1251073574892232705,NONE
1251073597075886082,NONE
1251073614092267520,NONE
1251073622283653121,NONE
1251073674490392576,NONE
1251073835195138048,AGAINST
1251074215089852416,FAVOR
1251074543957000194,NONE
1251074889945153536,NONE
1251074929472057345,NONE
1251075233567502336,NONE
1251075396617089024,AGAINST
1251075440854384640,AGAINST
1251075525461721090,NONE
1251075602364407808,AGAINST
1251075829137731584,NONE
1251076043491835905,NONE
1251076080875773954,NONE
1251076164556337152,FAVOR
1251076298069258240,NONE
1251076313563254785,NONE
1251076386988519424,NONE
1251076414805282816,NONE
1251076477476433922,NONE
1251076644917391361,NONE
1251076726211276800,AGAINST
1251076739016658945,NONE
1251076768674562048,NONE
1251076880335175680,NONE
1251077011096952834,NONE
1251077057288843265,NONE
1251077281747021829,AGAINST
1251077285936893954,NONE
1251077361237401600,NONE
1251077493181874176,FAVOR
1251077520641929223,NONE
1251077589361451008,NONE
1251077706373947392,NONE
1251077736434630662,NONE
1251078720573575168,NONE
1251078735073345537,AGAINST
1251078928392843264,NONE
1251078998890692612,NONE
1251079012279029762,NONE
1251079135641784320,NONE
1251079136887492611,NONE
1251079144294592512,NONE
1251079187336552448,NONE
1251079330576445440,NONE
1251079374495010816,AGAINST
1251079401107623936,NONE
1251079437220638721,NONE
1251079596994248704,NONE
1251079648781320192,NONE
1251080081566466049,NONE
1251080185476026376,NONE
1251080256171266049,NONE
1251080312655736839,NONE
1251080458370048005,NONE
1251080548857987074,NONE
1251080706748530688,AGAINST
1251080758157959168,NONE
1251080969060184064,NONE
1251081008750956544,NONE
1251081029621874689,AGAINST
1251081229903867906,NONE
1251081234719084544,NONE
1251081399290884096,NONE
1251081495743086592,NONE
1251081578064703491,AGAINST
1251081581466472448,AGAINST
1251081677146738688,NONE
1251081816662032385,AGAINST
1251082023776727040,FAVOR
1251082075853041667,NONE
1251082078726180864,NONE
1251082112658112512,NONE
1251082166722801664,AGAINST
1251082286444969984,NONE
1251082790516514816,NONE
1251082809202094083,NONE
1251082929125634051,NONE
1251083027834265600,NONE
1251083137175584769,NONE
1251083498385027072,NONE
1251083848806477824,NONE
1251084126666424320,NONE
1251084140948013062,NONE
1251084237480091649,NONE
1251084249853308929,AGAINST
1251084261320466432,AGAINST
1251084463108390914,NONE
1251084614388666368,NONE
1251084688522907648,NONE
1251084741987557381,NONE
1251084884283658241,NONE
1251085241294323712,NONE
1251085296130650113,NONE
1251085318003908610,NONE
1251085472241086464,NONE
1251085825418440704,NONE
1251085839536283651,NONE
1251086080650010625,NONE
1251086155434520576,NONE
1251086295864168448,AGAINST
1251086443943915520,NONE
1251086732004638721,NONE
1251086763541610496,NONE
1251086818843320320,NONE
1251086908077166592,NONE
1251087409275523077,NONE
1251087522496524288,NONE
1251087648980164608,AGAINST
1251087668965851137,NONE
1251087842991763456,NONE
1251087849212055552,AGAINST
1251087855386013696,NONE
1251087973732331520,NONE
1251087984797069313,NONE
1251088007777542145,NONE
1251088079345065984,NONE
1251088092821413890,NONE
1251088153030488065,NONE
1251088519981907969,NONE
1251088522477359104,NONE
1251088535882330113,AGAINST
1251088550054985729,FAVOR
1251088878049431552,NONE
1251089114394267648,NONE
1251089125827989504,NONE
1251089201233195009,NONE
1251089310201245696,NONE
1251089358301659139,NONE
1251089365016522753,NONE
1251089479470907392,AGAINST
1251089657938489344,NONE
1251089732047720448,NONE
1251089771725598721,NONE
1251090074713890816,FAVOR
1251090296416473089,NONE
1251090496161812480,FAVOR
1251090673366904833,AGAINST
1251090804283588608,NONE
1251090980989616130,NONE
1251091019145244673,NONE
1251091020504133632,AGAINST
1251091063671885825,NONE
1251091106269294595,NONE
1251091125386928131,NONE
1251091141379756033,NONE
1251091147532845058,NONE
1251091162879987712,NONE
1251091382439161857,NONE
1251091801894563846,NONE
1251091806671929345,NONE
1251091896002174976,AGAINST
1251092371158102016,NONE
1251092420147757056,NONE
1251092510333681664,FAVOR
1251092531732869120,AGAINST
1251092547981545474,NONE
1251092594861506561,NONE
1251092631679090694,NONE
1251092738608521216,NONE
1251092937817100294,NONE
1251093035322093568,FAVOR
1251093073834045440,NONE
1251093325777641472,NONE
1251093397407858688,NONE
1251093623635972097,AGAINST
1251093807686443015,NONE
1251094096585752576,NONE
1251094704579543045,FAVOR
1251094745213923328,NONE
1251094840936329217,NONE
1251094958624342016,FAVOR
1251095172173066242,NONE
1251095306885836806,NONE
1251095349600681985,NONE
1251095656351105024,NONE
1251095712269512706,NONE
1251095770826108929,AGAINST
1251095921254731777,NONE
1251095946919907328,AGAINST
1251096113203077120,AGAINST
1251096154109952000,NONE
1251096269419921408,NONE
1251096362197766145,NONE
1251096607552155648,FAVOR
1251096612568354818,NONE
1251096800456577024,NONE
1251096865854160898,NONE
1251097369380184065,NONE
1251097712931602434,NONE
1251097773065240576,NONE
1251097967047643137,NONE
1251098057342623744,NONE
1251098441079558144,NONE
1251098507131465728,NONE
1251098712606011392,NONE
1251098789466632192,NONE
1251098810299723776,NONE
1251098943926095872,NONE
1251099002763960321,NONE
1251099212298760192,NONE
1251099481233256449,NONE
1251099519804215296,NONE
1251099568135176193,NONE
1251099673764429825,NONE
1251099706823974912,NONE
1251099769310777345,NONE
1251099782795472897,FAVOR
1251099795873239041,NONE
1251099838780813313,NONE
1251099925212889090,NONE
1251100071195787266,NONE
1251100198526279680,NONE
1251100214037032961,NONE
1251100280516739073,NONE
1251100582732947457,NONE
1251100609106845699,NONE
1251100695236734977,NONE
1251100910924623872,NONE
1251101103770398726,NONE
1251101126729928704,AGAINST
1251101266291425280,NONE
1251101396637609985,AGAINST
1251101405798191105,NONE
1251101494914560000,NONE
1251101526572990464,AGAINST
1251101822145593344,AGAINST
1251102013066223622,NONE
1251102162492493825,NONE
1251102225897668611,NONE
1251102435088703489,AGAINST
1251102486317785094,AGAINST
1251102562796933120,AGAINST
1251102691993903105,NONE
1251102825955971072,NONE
1251102914094886913,NONE
1251103066910228481,NONE
1251103070911557632,NONE
1251103209562619905,NONE
1251103216282017798,NONE
1251103288876863488,NONE
1251103323526033413,FAVOR
1251103772534865920,NONE
1251103921285799936,FAVOR
1251103971973922818,NONE
1251104019814080512,NONE
1251104062117949441,NONE
1251104178526720001,FAVOR
1251104243680817152,NONE
1251104323334860800,NONE
1251104595545403395,NONE
1251104883656228864,FAVOR
1251104928275353600,NONE
1251105119250214912,NONE
1251105820160507904,NONE
1251105854042103813,NONE
1251105998254649344,NONE
1251106077082599425,NONE
1251106202433417219,NONE
1251106291587547138,NONE
1251106319853072384,NONE
1251106472781508608,NONE
1251106506868772865,NONE
1251106536371322883,NONE
1251107075494744064,NONE
1251107100480028672,NONE
1251107380693209089,FAVOR
1251107408744796160,NONE
1251107450905694208,NONE
1251107480081330177,NONE
1251107699510607872,NONE
1251107892264161281,NONE
1251107955199619072,NONE
1251107973079982083,FAVOR
1251108008106561536,NONE
1251108043128999936,NONE
1251108107742150657,NONE
1251108125295304705,NONE
1251108214340374530,NONE
1251108230803136512,NONE
1251108300189466625,FAVOR
1251108967423651840,NONE
1251109109073539072,NONE
1251109194423586816,FAVOR
1251109249868062721,NONE
1251109274769485824,NONE
1251109328129593344,NONE
1251109358387073024,NONE
1251109430898245632,NONE
1251109488817352708,FAVOR
1251109492474830848,NONE
1251109494538436608,NONE
1251109520924794882,NONE
1251109609558937600,FAVOR
1251109611043581952,NONE
1251109766639890432,NONE
1251109811015409665,FAVOR
1251109920084160512,NONE
1251109926254063617,FAVOR
1251110051487666177,NONE
1251110109327044609,NONE
1251110377531703298,NONE
1251110608889614338,NONE
1251110638010560512,NONE
1251110832563466241,AGAINST
1251110922300653568,AGAINST
1251111044887523329,AGAINST
1251111353416327171,NONE
1251111573306966021,FAVOR
1251111729511137281,NONE
1251111751036227585,NONE
1251112235436367873,NONE
1251112269418618882,NONE
1251112731454799875,NONE
1251112762014666752,FAVOR
1251112805865943040,NONE
1251112929052831744,FAVOR
1251112974594572291,FAVOR
1251113059445334017,NONE
1251113070593634304,AGAINST
1251113377620914176,NONE
1251113386064183297,NONE
1251113546982871040,FAVOR
1251113883026284545,AGAINST
1251113984838766593,AGAINST
1251114029730238464,AGAINST
1251114118309797888,NONE
1251114263583703040,NONE
1251114503082856448,NONE
1251114511949537284,AGAINST
1251114541863313409,AGAINST
1251114596661956609,FAVOR
1251114615099977728,NONE
1251114886748348416,AGAINST
1251114897842352130,FAVOR
1251114994365878273,FAVOR
1251115106408083459,FAVOR
1251115160854503425,NONE
1251115246590230529,NONE
1251115713386987520,NONE
1251115933264801792,NONE
1251115948175577089,NONE
1251115981344251905,NONE
1251116137531584513,NONE
1251116146020847617,NONE
1251116190375784450,FAVOR
1251116294214045697,NONE
1251116300555911169,NONE
1251116318528540672,NONE
1251116343983628289,NONE
1251116429203648512,NONE
1251116541128523781,NONE
1251116598103912449,NONE
1251116690949189637,FAVOR
1251116814559596545,NONE
1251116945266470912,NONE
1251117193867264000,FAVOR
1251117222912761857,NONE
1251117313211891720,AGAINST
1251117338889355265,NONE
1251117482728992773,AGAINST
1251117534247436289,NONE
1251117591407603712,NONE
1251117591432777728,NONE
1251117636487962624,NONE
1251117649808904193,NONE
1251117728984895488,AGAINST
1251117771590639616,AGAINST
1251117858156711936,NONE
1251117881758228481,NONE
1251117930860949504,FAVOR
1251118178555629569,NONE
1251118209526366208,NONE
1251118307681415171,NONE
1251118351423868928,NONE
1251118516918317056,FAVOR
1251118548811788289,NONE
1251118647201824768,NONE
1251118863200030721,NONE
1251118911304560640,FAVOR
1251119001004118016,AGAINST
1251119126640238592,AGAINST
1251119428114108416,NONE
1251119430613991424,FAVOR
1251119508426821636,NONE
1251119522922131457,NONE
1251119528307822600,NONE
1251119540840345601,NONE
1251119807111536640,FAVOR
1251120084606746625,NONE
1251120089874776064,NONE
1251120186691903489,AGAINST
1251120317189074946,NONE
1251120653228478465,NONE
1251120713630658560,NONE
1251120760543948802,NONE
1251120810204344326,NONE
1251121003171807232,NONE
1251121012751532033,NONE
1251121241576087552,NONE
1251121423223001088,NONE
1251121476377300993,AGAINST
1251121737439367168,NONE
1251121773883666436,NONE
1251121817860931584,AGAINST
1251121868850913280,AGAINST
1251121871568994304,NONE
1251122338172731392,NONE
1251122442812219392,NONE
1251122463867432960,NONE
1251122475947233280,NONE
1251122587788165121,NONE
1251122628515041281,NONE
1251122654603440129,NONE
1251122938490781696,NONE
1251123028764786689,AGAINST
1251123099229138952,NONE
1251123394214584321,NONE
1251123477911871496,NONE
1251123667528044545,NONE
1251123669130194945,NONE
1251124102774980608,AGAINST
1251124147184455682,NONE
1251124234241347584,AGAINST
1251124335546298369,NONE
1251124385240567809,NONE
1251124414860554240,NONE
1251124439623884802,FAVOR
1251124601825959938,NONE
1251124729668386816,NONE
1251124765890277377,NONE
1251124971520307200,NONE
1251125126843727880,FAVOR
1251125236780564480,NONE
1251125270955937792,AGAINST
1251125379336732672,FAVOR
1251125391374286853,NONE
1251125412119433218,NONE
1251125441282244608,NONE
1251125576364109825,FAVOR
1251125590025023493,AGAINST
1251125591698550785,NONE
1251125747286028289,NONE
1251125763228626944,NONE
1251125876814573568,NONE
1251125959702478848,FAVOR
1251126053361287170,NONE
1251126066837520392,NONE
1251126119325188098,AGAINST
1251126269615370241,NONE
1251126409566670849,FAVOR
1251126506388160515,AGAINST
1251126510116835329,FAVOR
1251126529142087681,AGAINST
1251126574012743680,NONE
1251126585035538437,NONE
1251126628412985345,NONE
1251126643889864705,AGAINST
1251126685996421120,NONE
1251126902166818816,NONE
1251126968592064512,AGAINST
1251126968826953729,FAVOR
1251126976431226881,FAVOR
1251127026318217218,FAVOR
1251127048589975552,FAVOR
1251127217083559943,FAVOR
1251127253712474114,NONE
1251127257029939201,NONE
1251127370066599936,NONE
1251127471879028738,NONE
1251127479928066048,NONE
1251127798443450368,NONE
1251127927728734208,NONE
1251128102278836224,AGAINST
1251128124806324224,NONE
1251128152358862854,NONE
1251128232251928576,NONE
1251128271149740033,AGAINST
1251128439442153474,FAVOR
1251128440075386880,NONE
1251128505049288704,NONE
1251128523588136962,NONE
1251128710591381504,NONE
1251128825993236480,NONE
1251128849565450241,NONE
1251128882867998722,NONE
1251128963516096512,FAVOR
1251129012052688898,NONE
1251129247919472641,NONE
1251129249517514753,FAVOR
1251129250775797766,AGAINST
1251129280999948289,NONE
1251129517789364224,FAVOR
1251129584755642369,NONE
1251129614480654338,FAVOR
1251129815958085632,NONE
1251129944857628672,AGAINST
1251130000973144064,NONE
1251130054660313088,NONE
1251130110582951942,NONE
1251130111870611458,AGAINST
1251130178975268864,NONE
1251130270444482562,NONE
1251130274676723712,AGAINST
1251130307367010304,NONE
1251130322038775809,NONE
1251130523017269249,FAVOR
1251130542403321858,FAVOR
1251130604860567553,NONE
1251130881302949889,NONE
1251130888861052928,FAVOR
1251130923665559552,NONE
1251131009048940545,NONE
1251131069547655168,NONE
1251131254529052673,FAVOR
1251131422523432961,FAVOR
1251131560016793601,NONE
1251131640711127046,AGAINST
1251131731907760128,NONE
1251131797401997315,FAVOR
1251131997612683264,FAVOR
1251132151216713730,AGAINST
1251132170409836544,NONE
1251132215192412160,NONE
1251132266669056001,NONE
1251132476258422784,NONE
1251132753153794048,NONE
1251132819205742592,NONE
1251132835139911680,AGAINST
1251133008243023873,NONE
1251133046268428289,NONE
1251133122076454916,FAVOR
1251133190049337344,AGAINST
1251133504093634566,FAVOR
1251133534233694210,NONE
1251133615599214592,NONE
1251133667331715074,NONE
1251133677461032961,NONE
1251133727545208834,NONE
1251133853101514755,NONE
1251133952846225408,FAVOR
1251133999881338881,NONE
1251134036681973760,NONE
1251134087324209154,AGAINST
1251134124321980416,NONE
1251134192496242688,NONE
1251134208023556097,NONE
1251134222359646209,NONE
1251134241577947137,NONE
1251134247856820225,NONE
1251134346926231557,NONE
1251134403780190208,NONE
1251134416874684416,NONE
1251134583791251456,NONE
1251134594793037826,NONE
1251134606537089026,NONE
1251134733595152387,NONE
1251134801949732864,NONE
1251134817095364609,AGAINST
1251134878571085826,NONE
1251135115155079171,FAVOR
1251135180699402240,NONE
1251135232251576321,NONE
1251135235162624000,NONE
1251135421016408064,NONE
1251135476716584961,NONE
1251135531985113091,NONE
1251135647118737408,NONE
1251135680815775745,NONE
1251135749967147008,NONE
1251135894133846016,NONE
1251136087252074497,NONE
1251136239446581249,NONE
1251136245566066688,NONE
1251136375849660417,NONE
1251136421856858112,NONE
1251136445953146880,NONE
1251136489204965376,NONE
1251136496574201857,NONE
1251136537938604034,FAVOR
1251136651272863745,AGAINST
1251136681543114753,FAVOR
1251136724434137089,NONE
1251136791261765633,NONE
1251136792268427270,NONE
1251137009399324673,NONE
1251137011144065026,AGAINST
1251137060880211971,FAVOR
1251137229336055808,AGAINST
1251137342657740800,FAVOR
1251137409393340416,AGAINST
1251137491899301888,AGAINST
1251137809353551872,AGAINST
1251137876789620740,NONE
1251137922444611585,NONE
1251138134873477121,AGAINST
1251138164711813126,NONE
1251138219095347202,NONE
1251138221397831680,NONE
1251138387693776896,NONE
1251138433243848706,AGAINST
1251138560041811970,NONE
1251138663460868099,NONE
1251138801105133569,NONE
1251138814929666049,NONE
1251138892385959936,NONE
1251138934484033536,NONE
1251139117330493441,AGAINST
1251139168517804032,NONE
1251139301271797760,AGAINST
1251139553773133824,NONE
1251139630348394496,NONE
1251139708958187520,AGAINST
1251139745129697280,NONE
1251139864604536832,NONE
1251139957298589696,NONE
1251140187544973315,NONE
1251140258592428032,FAVOR
1251140302804365312,NONE
1251140458685685767,NONE
1251140601149403143,NONE
1251140827943821313,AGAINST
1251140972383047680,FAVOR
1251140973029187584,AGAINST
1251141070383013888,FAVOR
1251141526559875072,FAVOR
1251141539528671232,NONE
1251141917431259136,FAVOR
1251141984879882242,NONE
1251142160537268224,AGAINST
1251142214455083008,FAVOR
1251142276274720770,NONE
1251142383271415815,NONE
1251142502721089539,NONE
1251142669679521794,NONE
1251142900366209033,NONE
1251143350024941577,NONE
1251143381763280898,NONE
1251143433680347136,AGAINST
1251143514483650563,NONE
1251143586927665153,NONE
1251143650798497796,FAVOR
1251143657446502413,NONE
1251143666451677184,FAVOR
1251143704191963139,NONE
1251143831522697217,FAVOR
1251143888921751564,NONE
1251143931745599490,NONE
1251143934027259915,NONE
1251143957842722817,NONE
1251144018299219970,NONE
1251144138688528385,AGAINST
1251144221962022919,FAVOR
1251144320071041030,NONE
1251144603094315008,NONE
1251144618009190404,FAVOR
1251144667170615302,FAVOR
1251144704470716416,AGAINST
1251144773328490504,FAVOR
1251144828814938113,NONE
1251144858783248385,FAVOR
1251144925061632002,NONE
1251144928677302273,AGAINST
1251145049364213760,NONE
1251145103881588736,AGAINST
1251145304528703488,NONE
1251145444249366537,AGAINST
1251145473064177667,NONE
1251145655856140288,AGAINST
1251145672734019589,AGAINST
1251145738592980994,FAVOR
1251145752849444866,NONE
1251145870222868486,AGAINST
1251145945695178752,NONE
1251146045234352130,FAVOR
1251146169511600129,NONE
1251146442980220929,NONE
1251146504821075969,AGAINST
1251146532864155652,NONE
1251146536915890177,AGAINST
1251146588149305348,NONE
1251146598664437765,NONE
1251146684198842368,FAVOR
1251146836372361217,NONE
1251146837135724546,FAVOR
1251146974646071297,NONE
1251146993310658561,NONE
1251147195174187009,NONE
1251147236949426178,NONE
1251147673144455169,NONE
1251147861846224898,FAVOR
1251147910579814400,FAVOR
1251147922558709761,FAVOR
1251147924425199617,FAVOR
1251147950215987208,NONE
1251147963419602945,NONE
1251147975847370763,NONE
1251148175131291653,NONE
1251148182366511110,NONE
1251148219972677640,NONE
1251148268609826835,NONE
1251148549129027586,NONE
1251148617869451264,NONE
1251148867246026756,FAVOR
1251148888163008523,FAVOR
1251149087354716160,NONE
1251149108514938894,FAVOR
1251149130174312450,NONE
1251149351021211650,NONE
1251149873455304705,NONE
1251150042955542539,AGAINST
1251150108328030208,FAVOR
1251150138757615619,FAVOR
1251150164607160320,FAVOR
1251150445831045120,NONE
1251150448448299015,FAVOR
1251150533559111690,NONE
1251150535358464000,FAVOR
1251150558787801091,NONE
1251150656699723777,NONE
1251150716355276804,NONE
1251150947121684485,NONE
1251151045427752961,FAVOR
1251151076071403526,NONE
1251151111127359494,NONE
1251151169574989825,NONE
1251151224943964161,NONE
1251151387724939264,NONE
1251151425222004737,NONE
1251151514011234306,NONE
1251151629308444675,FAVOR
1251151666918785026,AGAINST
1251151680093089803,NONE
1251151710531149829,NONE
1251151778571157505,NONE
1251151821571108864,NONE
1251151892194852864,NONE
1251151997530542089,NONE
1251152060512264192,FAVOR
1251152074068201476,NONE
1251152101784219649,NONE
1251152163448864773,NONE
1251152253819383810,NONE
1251152278687367168,AGAINST
1251152326158454784,FAVOR
1251152344860917760,AGAINST
1251152574599725063,NONE
1251152622091829252,NONE
1251152838836629505,NONE
1251152869044047880,NONE
1251152959657750530,NONE
1251153020399714314,AGAINST
1251153025843867653,NONE
1251153193599287300,NONE
1251153221449420800,AGAINST
1251153253552631813,NONE
1251153576098852866,AGAINST
1251153598458638336,NONE
1251153625344126979,AGAINST
1251153650480631809,NONE
1251153730537312256,AGAINST
1251153840910381056,NONE
1251153907419496448,NONE
1251153946212630529,NONE
1251153981591576577,NONE
1251154040244715522,FAVOR
1251154081701179402,NONE
1251154165385981952,FAVOR
1251154640734806023,NONE
1251154653951037443,NONE
1251154737535176704,NONE
1251154741943398400,NONE
1251154858217885701,NONE
1251155117048336389,NONE
1251155304768696326,NONE
1251155340294422529,NONE
1251155407290069002,AGAINST
1251155489267650560,NONE
1251155580112134144,NONE
1251155760635015171,NONE
1251155824216403971,NONE
1251156051971325954,AGAINST
1251156157953015809,NONE
1251156199040401410,AGAINST
1251156246364688393,NONE
1251156366854467588,NONE
1251156545024307205,FAVOR
1251156555602333708,NONE
1251156622233108482,AGAINST
1251156867855740929,AGAINST
1251156890232315911,NONE
1251156922679492611,NONE
1251156948860276736,NONE
1251156952618422279,NONE
1251156980883787776,NONE
1251157082591555593,NONE
1251157103370067973,NONE
1251157158432894980,NONE
1251157429292687360,NONE
1251157444778024960,NONE
1251157885494554629,FAVOR
1251157914330337284,FAVOR
1251157970794115072,NONE
1251158059168043015,FAVOR
1251158086280081411,AGAINST
1251158285106810881,AGAINST
1251158301116493830,NONE
1251158321152720896,NONE
1251158382225940480,NONE
1251158504473128961,FAVOR
1251158533598408704,NONE
1251158699520872456,NONE
1251158730042793989,AGAINST
1251158748988497921,AGAINST
1251158779636314124,AGAINST
1251158781611761668,NONE
1251158891980709890,AGAINST
1251159251700965376,AGAINST
1251159277663776769,FAVOR
1251159335834509328,NONE
1251159442978029570,AGAINST
1251159483880927237,NONE
1251159641632854016,NONE
1251159701355520000,AGAINST
1251159867630292999,FAVOR
1251159870511828992,NONE
1251159970285932546,NONE
1251160221277237248,NONE
1251160257176338433,NONE
1251160297089282049,NONE
1251160397924544514,NONE
1251160426030567425,AGAINST
1251160518829563904,NONE
1251160568070717441,NONE
1251160594490646539,NONE
1251160684403896320,NONE
1251160777941114880,NONE
1251160809096400904,NONE
1251160916776763392,NONE
1251161044841459716,AGAINST
1251161206880010240,FAVOR
1251161305022529537,NONE
1251161375553929221,NONE
1251161421963915266,NONE
1251161494647042049,NONE
1251161634279526400,AGAINST
1251161661576081410,NONE
1251161686381260813,NONE
1251161866681737223,NONE
1251161989788778496,FAVOR
1251162028523184135,NONE
1251162369843068929,AGAINST
1251162390583898114,AGAINST
1251162608050139143,NONE
1251162789424455680,NONE
1251162905128534020,NONE
1251162957108572160,NONE
1251162985151655940,NONE
1251163239913648132,NONE
1251163388589289472,FAVOR
1251163409187368962,NONE
1251163462585090052,NONE
1251163477835685888,NONE
1251163546567585794,NONE
1251163675768979458,NONE
1251163702155341829,NONE
1251163753841754112,NONE
1251163763488653312,NONE
1251163834397741056,NONE
1251163841603334144,NONE
1251163962512556033,AGAINST
1251164041029890050,FAVOR
1251164049737306115,NONE
1251164231992393728,NONE
1251164309280845827,NONE
1251164367619534853,NONE
1251164401333186560,NONE
1251164419330981888,NONE
1251164570648842244,NONE
1251164571642937350,NONE
1251164603255607303,FAVOR
1251164672214003713,NONE
1251164821724094465,NONE
1251164912027648001,AGAINST
1251165183453560832,NONE
1251165207025475584,NONE
1251165318531014657,NONE
1251165527080349696,NONE
1251165557082034177,FAVOR
1251165615710023689,NONE
1251165695636799488,FAVOR
1251165818261561345,NONE
1251165917398003713,NONE
1251166030665256960,NONE
1251166035056693249,AGAINST
1251166043223064576,FAVOR
1251166139360538628,NONE
1251166154208362497,FAVOR
1251166199360000001,NONE
1251166233677840385,NONE
1251166246177038336,FAVOR
1251166250824237056,NONE
1251166296483549184,AGAINST
1251166348262076421,AGAINST
1251166399768039426,NONE
1251166405682135043,NONE
1251166405778722816,NONE
1251166412686557185,FAVOR
1251166600612495360,AGAINST
1251166856037249024,NONE
1251166958935871498,NONE
1251166961922453504,AGAINST
1251167060358381569,AGAINST
1251167172774289408,NONE
1251167292769087488,NONE
1251167333692956672,NONE
1251167358321819648,NONE
1251167495903420422,NONE
1251167915673620480,NONE
1251168004592644096,NONE
1251168130887532546,FAVOR
1251168187015561216,NONE
1251168235011137537,NONE
1251168308210159616,AGAINST
1251168362387910656,NONE
1251168574204456966,FAVOR
1251168600406163456,NONE
1251168657075572742,FAVOR
1251168829692133378,NONE
1251168843378184194,AGAINST
1251168959677689856,FAVOR
1251168990526869506,FAVOR
1251169089097281537,NONE
1251169105660370944,FAVOR
1251169121288454146,AGAINST
1251169248245886983,NONE
1251169317628129282,NONE
1251169362796589061,FAVOR
1251169553775603713,NONE
1251169629684129792,AGAINST
1251169683342008324,AGAINST
1251169701171994624,NONE
1251169963341119488,NONE
1251170181289779200,NONE
1251170267851866112,NONE
1251170427831017473,FAVOR
1251170507870830593,NONE
1251170700968239105,NONE
1251170713408602115,NONE
1251170925480992773,AGAINST
1251170982376718336,NONE
1251171169627074561,AGAINST
1251171186614075393,NONE
1251171202539741184,NONE
1251171321054220290,NONE
1251171381720395776,FAVOR
1251171386963394561,FAVOR
1251171514092675072,NONE
1251171720364318726,NONE
1251171780548603904,NONE
1251171877860651008,AGAINST
1251171954826018822,AGAINST
1251172578552578052,NONE
1251172681971462144,FAVOR
1251172719124594688,NONE
1251172727760678913,NONE
1251172732118560769,NONE
1251172848028311552,NONE
1251172951086465025,NONE
1251172996951105536,FAVOR
1251173049212207104,NONE
1251173082456195072,NONE
1251173151209213952,NONE
1251173202652311552,NONE
1251173438733135880,AGAINST
1251173579460358149,NONE
1251173782095609856,FAVOR
1251173914614673414,FAVOR
1251173946138832897,NONE
1251173978938511368,NONE
1251174002565021698,AGAINST
1251174040447967232,NONE
1251174075256508417,NONE
1251174233448812544,NONE
1251174234769874950,AGAINST
1251174264172163073,AGAINST
1251174303388876801,NONE
1251174456711622657,AGAINST
1251174489699868673,AGAINST
1251174501443702786,NONE
1251174522746736641,NONE
1251174638970966016,NONE
1251174677382217728,FAVOR
1251174785200975873,NONE
1251174838355603456,NONE
1251174892571103234,FAVOR
1251174918336716800,AGAINST
1251174987978825728,NONE
1251175009004875776,NONE
1251175081147076610,AGAINST
1251175121680818178,NONE
1251175143969357825,FAVOR
1251175166228520960,NONE
1251175190928732160,FAVOR
1251175225640783872,FAVOR
1251175333006475265,NONE
1251175409078595585,NONE
1251175471342948355,AGAINST
1251175636766527489,FAVOR
1251175666931970054,FAVOR
1251175800784605184,FAVOR
1251175804198883329,NONE
1251175805914316800,FAVOR
1251176069241192451,AGAINST
1251176089315131393,NONE
1251176094088257542,NONE
1251176256655237128,NONE
1251176324380495878,NONE
1251176327329329154,NONE
1251176357989679104,NONE
1251176410628186118,AGAINST
1251176441682763776,AGAINST
1251176473983139842,AGAINST
1251176517016698883,FAVOR
1251176606493704196,FAVOR
1251176636772474886,FAVOR
1251176673552318464,FAVOR
1251176812794785792,NONE
1251176822383009793,FAVOR
1251176875684253696,FAVOR
1251176895183454209,FAVOR
1251176902460653568,AGAINST
1251176983473643521,NONE
1251177037747847169,AGAINST
1251177116579889153,NONE
1251177147038752769,FAVOR
1251177148322381824,AGAINST
1251177271852818432,NONE
1251177372512129030,AGAINST
1251177384683933696,NONE
1251177466992918534,AGAINST
1251177473569697792,NONE
1251177487536717824,NONE
1251177515240034305,NONE
1251177575847788544,AGAINST
1251177582575456256,AGAINST
1251177628729356289,NONE
1251177628926648327,AGAINST
1251177654654504963,FAVOR
1251177700343058434,NONE
1251177712716300288,FAVOR
1251177766919319553,NONE
1251177813257805824,NONE
1251177854114557958,NONE
1251177884514992129,NONE
1251177922339074051,FAVOR
1251177987682295808,AGAINST
1251178010033754113,AGAINST
1251178154632175616,NONE
1251178187234648070,FAVOR
1251178234164568066,FAVOR
1251178291844833281,AGAINST
1251178293505806336,AGAINST
1251178431938781186,NONE
1251178452960587782,FAVOR
1251178474166988800,AGAINST
1251178623597531138,NONE
1251178797807755267,NONE
1251178888312446978,NONE
1251178920591925249,NONE
1251178954075049985,NONE
1251178959439527936,FAVOR
1251178990062141451,NONE
1251178997473439745,NONE
1251179013348962309,NONE
1251179115669053441,FAVOR
1251179119569784839,NONE
1251179138414784520,FAVOR
1251179226272849920,NONE
1251179254970081285,AGAINST
1251179275006418945,NONE
1251179387489095680,FAVOR
1251179491956797441,NONE
1251179549108256768,NONE
1251179583195447299,NONE
1251179690796122118,NONE
1251179928390787072,AGAINST
1251180014931972104,AGAINST
1251180136445153281,AGAINST
1251180151817277444,AGAINST
1251180171530432512,AGAINST
1251180214413033475,AGAINST
1251180303793651712,AGAINST
1251180331488571393,AGAINST
1251180541489135616,AGAINST
1251180580642881536,NONE
1251180583809507334,AGAINST
1251180696875515904,NONE
1251180719285719043,FAVOR
1251180731117772800,AGAINST
1251180732799647755,NONE
1251180915243520000,AGAINST
1251180929583910919,NONE
1251181173130354690,FAVOR
1251181212313550848,NONE
1251181304068128770,FAVOR
1251181313471787008,AGAINST
1251181453616074757,NONE
1251181453926264833,AGAINST
1251181476277882880,FAVOR
1251181541587185664,NONE
1251181598847819776,NONE
1251181662848901134,NONE
1251181690824921089,NONE
1251181775818158081,AGAINST
1251182078676303872,NONE
1251182083256602637,NONE
1251182155658604544,AGAINST
1251182179263983617,AGAINST
1251182246226100224,FAVOR
1251182267222941697,AGAINST
1251182333518139392,AGAINST
1251182382545240066,FAVOR
1251182441299148800,NONE
1251182458122485760,FAVOR
1251182526778892288,NONE
1251182594047315974,FAVOR
1251182637542227969,FAVOR
1251182692697362432,FAVOR
1251182768651997185,NONE
1251182905180684294,NONE
1251182948621201409,NONE
1251183047334117376,AGAINST
1251183203441926144,NONE
1251183412179804161,AGAINST
1251183508615299074,FAVOR
1251183553158750210,NONE
1251183614718545921,NONE
1251183655105507330,NONE
1251183657030737920,NONE
1251183665037619201,FAVOR
1251183728170135553,AGAINST
1251183796462006275,AGAINST
1251183836395745280,NONE
1251183856704765952,NONE
1251183889663643648,FAVOR
1251184145197342726,NONE
1251184166596513792,NONE
1251184172724555776,NONE
1251184240986927104,NONE
1251184258972073989,AGAINST
1251184288701218816,NONE
1251184289384853504,NONE
1251184325334360064,NONE
1251184355382366209,NONE
1251184457186492416,NONE
1251184579089702916,NONE
1251184835521118208,FAVOR
1251184924075282432,AGAINST
1251185243911909377,NONE
1251185301051105281,NONE
1251185307606822918,NONE
1251185588612616200,NONE
1251185711568560129,AGAINST
1251185794154475522,NONE
1251185919958409217,AGAINST
1251185940497752073,AGAINST
1251185949943398401,NONE
1251185993098629122,AGAINST
1251186114246914048,AGAINST
1251186138079023106,AGAINST
1251186257717342212,AGAINST
1251186339992788994,NONE
1251186368686051328,NONE
1251186441075527681,FAVOR
1251186504224907264,AGAINST
1251186560814534656,NONE
1251186602442764290,NONE
1251186655173672960,FAVOR
1251186716137918464,FAVOR
1251186732931801088,AGAINST
1251187029276348416,NONE
1251187147811500038,FAVOR
1251187188567506949,FAVOR
1251187196842913795,NONE
1251187328602771464,NONE
1251187365516922880,AGAINST
1251187461713256449,NONE
1251187526011744256,NONE
1251187529694490630,NONE
1251187558144507906,AGAINST
1251187657671086085,NONE
1251187666101702656,NONE
1251187722594725892,NONE
1251187758011383811,FAVOR
1251187798574587904,NONE
1251187868363624457,FAVOR
1251187916367265798,NONE
1251187949087027202,NONE
1251187957891043332,AGAINST
1251188102917480448,NONE
1251188115433291781,NONE
1251188133502218240,NONE
1251188137168039936,NONE
1251188219162398720,NONE
1251188393171537920,AGAINST
1251188493780504576,AGAINST
1251188522238828544,NONE
1251188616719564801,NONE
1251188769186856960,AGAINST
1251189023533563904,NONE
1251189099605774336,AGAINST
1251189151757742081,AGAINST
1251189180454977537,NONE
1251189183021973505,AGAINST
1251189254883074049,AGAINST
1251189325431103488,FAVOR
1251189356519358464,AGAINST
1251189484349272064,FAVOR
1251189516515319812,FAVOR
1251189562321190913,AGAINST
1251189627987406850,FAVOR
1251189649323761664,NONE
1251189696501362691,NONE
1251189736753987586,FAVOR
1251189790797684738,NONE
1251189801442828288,AGAINST
1251189879884648449,AGAINST
1251189989410562049,NONE
1251190043215044613,FAVOR
1251190060592046086,NONE
1251190088421302274,NONE
1251190138010365956,NONE
1251190149205155843,FAVOR
1251190224371290119,NONE
1251190237688139778,FAVOR
1251190263902613507,FAVOR
1251190314305552386,NONE
1251190409138561025,NONE
1251190463656271877,FAVOR
1251190507167985669,FAVOR
1251190744142012417,NONE
1251190791571038208,NONE
1251190853856489472,NONE
1251190914573271041,NONE
1251191001403850754,AGAINST
1251191003366797312,NONE
1251191009716785152,AGAINST
1251191170639843329,NONE
1251191192873848840,AGAINST
1251191222397480966,NONE
1251191265309360128,NONE
1251191372121608193,NONE
1251191456368406530,AGAINST
1251191459417673738,AGAINST
1251191515055034369,AGAINST
1251191673041887236,AGAINST
1251191756164661249,AGAINST
1251191765899460613,AGAINST
1251191788326486022,AGAINST
1251191971877617666,NONE
1251191995739095042,AGAINST
1251192037333962758,NONE
1251192080120131584,NONE
1251192141130485770,AGAINST
1251192272907055104,AGAINST
1251192276468056064,NONE
1251192520354279426,AGAINST
1251192654404165639,NONE
1251192693843263488,NONE
1251192949624516609,FAVOR
1251193008172740608,NONE
1251193084853043206,FAVOR
1251193157552869381,NONE
1251193222883352576,NONE
1251193495055974400,NONE
1251193561598570496,FAVOR
1251193579256664064,AGAINST
1251193639881097216,NONE
1251193640996782088,AGAINST
1251193656851279880,NONE
1251193669614534660,NONE
1251193749385904128,FAVOR
1251194126298689537,NONE
1251194391328325632,AGAINST
1251194397640871938,FAVOR
1251194499445002241,NONE
1251194542977699840,AGAINST
1251194653870821378,FAVOR
1251194691636416515,NONE
1251194732019175425,NONE
1251194800122007559,NONE
1251194849849720843,NONE
1251194880505925634,NONE
1251194881801928705,NONE
1251194930971791361,NONE
1251194942657085443,FAVOR
1251195042259177473,NONE
1251195116943020033,AGAINST
1251195198278979591,NONE
1251195198857711616,FAVOR
1251195219829305344,AGAINST
1251195333452972032,NONE
1251195420023324673,AGAINST
1251195437295558658,NONE
1251195535203205120,NONE
1251195584133947401,NONE
1251195675305480193,AGAINST
1251195745216147456,NONE
1251195766489612292,NONE
1251195784244199430,FAVOR
1251195833212637185,NONE
1251195882202169348,NONE
1251195904171880455,NONE
1251195973671534593,NONE
1251196009964875777,AGAINST
1251196097315450880,AGAINST
1251196121864601600,FAVOR
1251196148708188160,NONE
1251196197802577921,NONE
1251196273270624256,AGAINST
1251196273442652163,AGAINST
1251196311807942658,NONE
1251196320712396806,NONE
1251196335023427586,FAVOR
1251196338785660932,NONE
1251196423770701825,AGAINST
1251196454527533057,AGAINST
1251196499805044752,NONE
1251196587151409160,NONE
1251196603282731010,FAVOR
1251196813085941762,AGAINST
1251196897227874305,NONE
1251196948910157824,NONE
1251197040710860802,NONE
1251197169757048832,NONE
1251197210437574656,NONE
1251197239868997634,NONE
1251197454684487680,NONE
1251197464486559747,FAVOR
1251197589762060288,NONE
1251197612780388352,AGAINST
1251197636645982209,NONE
1251197669877448705,NONE
1251197731080634368,NONE
1251197830284349440,NONE
1251197841885868032,NONE
1251197949205454851,NONE
1251197973217923074,AGAINST
1251197986509651973,NONE
1251198131661877248,NONE
1251198272942694400,FAVOR
1251198367645995010,NONE
1251198512055955459,NONE
1251198577675849729,FAVOR
1251198635053920259,FAVOR
1251198724266700805,FAVOR
1251198731405443074,NONE
1251198805338398720,NONE
1251198973689434112,NONE
1251199045743390720,AGAINST
1251199129365200902,NONE
1251199219735695360,AGAINST
1251199223296638976,NONE
1251199247724294144,NONE
1251199252224552960,NONE
1251199373645623306,NONE
1251199382080368640,FAVOR
1251199407002808320,NONE
1251199421670457346,NONE
1251199434056237057,NONE
1251199479069491204,FAVOR
1251199527979188225,FAVOR
1251199555003191303,FAVOR
1251199622116237323,NONE
1251199629288517636,NONE
1251199658975789059,NONE
1251199672368205827,NONE
1251199703703830531,FAVOR
1251199783160733701,AGAINST
1251199856594620416,FAVOR
1251199868384788480,AGAINST
1251199904925376512,NONE
1251199951431966726,FAVOR
1251199986626330626,NONE
1251199989222707201,FAVOR
1251200027923529730,FAVOR
1251200083900669953,NONE
1251200120458182656,FAVOR
1251200144793624578,AGAINST
1251200223550062593,NONE
1251200256890593280,NONE
1251200321638072324,NONE
1251200333017210885,AGAINST
1251200379955621895,NONE
1251200424683724800,FAVOR
1251200483341074432,NONE
1251200630712131590,NONE
1251200650874171392,NONE
1251200673938628611,FAVOR
1251200681945546753,FAVOR
1251200751399026689,NONE
1251200757484920841,FAVOR
1251200773783982088,AGAINST
1251200867677671424,NONE
1251200925752008704,NONE
1251200928847466496,NONE
1251201023135420416,AGAINST
1251201081146839040,NONE
1251201436974751746,NONE
1251201494193496064,NONE
1251201633398202368,NONE
1251201779943038979,FAVOR
1251201810674548737,NONE
1251201837732167680,NONE
1251201917394522113,FAVOR
1251201927284654080,NONE
1251202098588499970,NONE
1251202119853641730,AGAINST
1251202216502988801,NONE
1251202307603251201,AGAINST
1251202361982418944,NONE
1251202430240468993,AGAINST
1251202431288999936,AGAINST
1251202440021639170,NONE
1251202520673894402,NONE
1251202563938058240,AGAINST
1251202879437889536,FAVOR
1251203056210980866,AGAINST
1251203088670752768,AGAINST
1251203095134076928,AGAINST
1251203249870376962,FAVOR
1251203253267836929,NONE
1251203295600939015,NONE
1251203332007288833,NONE
1251203406796070918,NONE
1251203411170689028,FAVOR
1251203497829122048,NONE
1251203526426071046,NONE
1251203527856336897,FAVOR
1251203529538187265,FAVOR
1251203556549578752,NONE
1251203682399662080,NONE
1251203752520044545,NONE
1251203768907071489,NONE
1251203776150732800,NONE
1251203777018974209,AGAINST
1251203849047756803,FAVOR
1251203859629948929,NONE
1251203881813651462,NONE
1251203979616366594,AGAINST
1251204142099562496,AGAINST
1251204151394041857,AGAINST
1251204307422072833,AGAINST
1251204418730692608,NONE
1251204443720171521,NONE
1251204467816452097,NONE
1251204574142029824,NONE
1251204591754129408,NONE
1251204885758062593,NONE
1251205012207874049,AGAINST
1251205037440880643,FAVOR
1251205141686075392,NONE
1251205149000978433,NONE
1251205158710603777,NONE
1251205204185415681,FAVOR
1251205216755691521,NONE
1251205243238518791,NONE
1251205334858956800,FAVOR
1251205415406313472,NONE
1251205468242018304,AGAINST
1251205473577156609,AGAINST
1251205476798410760,NONE
1251205532821618699,AGAINST
1251205695048949761,FAVOR
1251205720227356674,NONE
1251205779698393088,FAVOR
1251205941502099457,NONE
1251205944844759041,NONE
1251205961999622144,AGAINST
1251206141704626176,FAVOR
1251206181177241601,AGAINST
1251206191826567171,NONE
1251206286026461184,NONE
1251206295987814400,NONE
1251206410827948034,AGAINST
1251206493195526144,FAVOR
1251206702915112962,NONE
1251206731914502145,NONE
1251206943739383809,NONE
1251207110723022849,NONE
1251207167597858822,NONE
1251207188305063937,NONE
1251207212351066114,NONE
1251207366646865922,NONE
1251207513007165446,NONE
1251207602337460225,NONE
1251207624021991426,NONE
1251207641105264640,NONE
1251207785381052417,NONE
1251207787872423937,AGAINST
1251207801197780993,NONE
1251208153506689025,FAVOR
1251208325993099264,NONE
1251208376064847873,NONE
1251208451352678405,AGAINST
1251208508764282880,NONE
1251208522198659073,FAVOR
1251208531124125697,FAVOR
1251208531572920320,AGAINST
1251208575155920897,NONE
1251208613303062530,NONE
1251208795902087168,NONE
1251208928794497026,NONE
1251208938219098117,FAVOR
1251208945328443393,NONE
1251208954543128577,NONE
1251208964672552960,NONE
1251208966551621633,FAVOR
1251209006858874881,NONE
1251209014115008514,NONE
1251209081638928384,AGAINST
1251209100467322883,FAVOR
1251209123271782405,FAVOR
1251209161389625344,FAVOR
1251209165973811203,FAVOR
1251209225122066435,NONE
1251209254360547329,FAVOR
1251209384962797574,FAVOR
1251209391157772288,FAVOR
1251209410522873856,NONE
1251209456903499776,FAVOR
1251209514864574467,NONE
1251209522636394496,NONE
1251209522699436032,FAVOR
1251209773057359872,NONE
1251209785661366275,NONE
1251209786848354305,NONE
1251209936002076672,NONE
1251209966553202688,FAVOR
1251209997654073344,NONE
1251210003442262017,FAVOR
1251210018965291008,NONE
1251210078914519041,NONE
1251210088171200512,FAVOR
1251210106340962304,FAVOR
1251210139580981249,FAVOR
1251210250792898566,NONE
1251210300130504705,AGAINST
1251210313224994816,NONE
1251210315074854913,NONE
1251210372280967169,NONE
1251210603991044096,NONE
1251210733926391809,FAVOR
1251210773260623878,NONE
1251210805258960897,FAVOR
1251210823890014208,NONE
1251210858857787393,AGAINST
1251210933097070595,FAVOR
1251210950503542784,NONE
1251211142485151750,FAVOR
1251211161363767297,NONE
1251211191034224640,NONE
1251211306645901312,FAVOR
1251211308583845888,NONE
1251211377190019075,AGAINST
1251211386031611905,FAVOR
1251211643528323074,NONE
1251211765695893504,NONE
1251211772553506816,FAVOR
1251211812479004672,NONE
1251211885724053505,NONE
1251211950576500741,NONE
1251211994792935425,AGAINST
1251212051751546880,NONE
1251212187575648262,FAVOR
1251212513984811008,FAVOR
1251212589444419584,NONE
1251212592628072449,FAVOR
1251212657849442305,FAVOR
1251212715290505218,NONE
1251212788653006850,FAVOR
1251212893221199873,AGAINST
1251212912384868354,NONE
1251212934249877505,NONE
1251212981767200768,NONE
1251213116215623680,NONE
1251213168392785920,NONE
1251213170875731969,AGAINST
1251213197178257411,NONE
1251213298818641920,AGAINST
1251213403647066114,NONE
1251213681167302656,NONE
1251213684468310019,NONE
1251213750549598208,FAVOR
1251213805926973445,NONE
1251213806405062658,AGAINST
1251213829842907136,FAVOR
1251213888663715842,NONE
1251214089373782016,NONE
1251214096835510273,NONE
1251214102678175750,NONE
1251214150291861504,NONE
1251214155865980928,AGAINST
1251214222417158144,AGAINST
1251214244403720201,NONE
1251214279547793414,NONE
1251214356307759104,AGAINST
1251214387085545476,NONE
1251214412662308864,NONE
1251214600382681092,NONE
1251214639188320257,NONE
1251214651033092097,NONE
1251214726962569216,NONE
1251214802556465158,NONE
1251214821414055940,NONE
1251214876787314688,NONE
1251214897238749186,FAVOR
1251214960144809984,NONE
1251215187631374336,NONE
1251215242790502400,NONE
1251215245722304512,NONE
1251215245907017730,NONE
1251215265158791171,NONE
1251215339700080642,FAVOR
1251215463771779073,NONE
1251215499901444097,NONE
1251215528368185349,NONE
1251215595950895105,NONE
1251215721138446336,NONE
1251215732144246787,AGAINST
1251215764381548544,AGAINST
1251215795595730944,NONE
1251215867163049985,NONE
1251215921416413185,FAVOR
1251215955121836039,NONE
1251215983093710849,NONE
1251216070305865736,NONE
1251216070922338305,NONE
1251216139616739331,NONE
1251216239243882499,FAVOR
1251216258491658242,NONE
1251216336216260609,NONE
1251216344709816327,FAVOR
1251216446207725568,NONE
1251216594841161729,NONE
1251216645558808576,NONE
1251216676479209473,FAVOR
1251216720771112960,AGAINST
1251216751695736832,NONE
1251216884294393858,NONE
1251216895312887808,NONE
1251216898479411200,AGAINST
1251217011272753153,NONE
1251217059515637762,AGAINST
1251217138527895552,NONE
1251217498541666304,NONE
1251217658797862915,FAVOR
1251217760262270976,NONE
1251217836829097984,AGAINST
1251217893452394497,FAVOR
1251217953686773760,AGAINST
1251218039162494976,AGAINST
1251218140249427968,FAVOR
1251218284424450048,AGAINST
1251218301214167047,NONE
1251218320927399937,NONE
1251218322990878720,NONE
1251218374228676608,NONE
1251218382348849152,AGAINST
1251218534539186177,NONE
1251218584094871553,AGAINST
1251218595088076803,AGAINST
1251218632916512769,NONE
1251218970851643393,NONE
1251219026770112512,NONE
1251219034135240707,NONE
1251219178406608897,NONE
1251219215673184263,AGAINST
1251219243946913793,NONE
1251219277451079680,AGAINST
1251219353757859841,AGAINST
1251219432661114880,AGAINST
1251219505419821063,AGAINST
1251219648680361984,NONE
1251219696965337088,NONE
1251219772672532481,AGAINST
1251219916667027457,AGAINST
1251219931087151105,NONE
1251219994593157132,FAVOR
1251220194183151617,AGAINST
1251220256661532672,NONE
1251220269634592768,NONE
1251220278803402760,AGAINST
1251220334902206465,FAVOR
1251220448945123328,NONE
1251220597524185089,AGAINST
1251220731947446272,NONE
1251220818480291841,AGAINST
1251221252456558596,AGAINST
1251221366306566150,NONE
1251221484372135938,AGAINST
1251221597014257665,NONE
1251221606606745600,NONE
1251221809938104320,NONE
1251221900874993671,AGAINST
1251221977832046599,NONE
1251222036254355457,NONE
1251222053652316161,NONE
1251222068403695616,AGAINST
1251222175924793344,AGAINST
1251222195352866817,NONE
1251222218706575360,NONE
1251222306849988615,FAVOR
1251222338928025603,FAVOR
1251222361342271488,NONE
1251222366186663936,AGAINST
1251222370989166592,NONE
1251222467248562179,NONE
1251222481433767937,NONE
1251222483711082497,AGAINST
1251222694105804800,NONE
1251222792252674055,FAVOR
1251222889430265856,AGAINST
1251222971903082503,AGAINST
1251223071211393024,FAVOR
1251223139612340224,NONE
1251223192544346114,NONE
1251223280746291200,FAVOR
1251223281086025728,NONE
1251223492717993984,NONE
1251223568689569798,FAVOR
1251223589677944837,NONE
1251223624180211714,FAVOR
1251223679733768197,AGAINST
1251223706573123586,FAVOR
1251223737879482373,NONE
1251223875683266561,FAVOR
1251223897783111681,FAVOR
1251223981174087681,NONE
1251224051995095040,AGAINST
1251224053416787968,NONE
1251224086245773313,NONE
1251224102771146753,FAVOR
1251224165811707909,AGAINST
1251224195339558912,NONE
1251224196585336842,FAVOR
1251224252575100929,AGAINST
1251224274779725827,NONE
1251224285948997633,NONE
1251224338109534208,NONE
1251224346858631168,NONE
1251224497497223173,NONE
1251224526987370496,NONE
1251224602925240324,FAVOR
1251224616720367618,FAVOR
1251224669694447624,FAVOR
1251224779048312835,AGAINST
1251224783783694337,NONE
1251224851768987648,NONE
1251225093012889601,FAVOR
1251225273078632457,FAVOR
1251225343500996610,NONE
1251225404624470016,NONE
1251225617099558913,NONE
1251225668836360194,NONE
1251225683247820801,NONE
1251226045358968833,FAVOR
1251226067131445248,NONE
1251226092473421824,AGAINST
1251226208077066240,NONE
1251226258198806528,AGAINST
1251226289496883200,NONE
1251226492203401219,FAVOR
1251226562281832454,NONE
1251226835104522242,NONE
1251226858986881024,NONE
1251226869606813696,FAVOR
1251227006278217729,NONE
1251227139308953603,AGAINST
1251227205482536960,NONE
1251227285681823750,NONE
1251227313636880385,NONE
1251227379181256704,NONE
1251227408507654144,NONE
1251227440556449792,NONE
1251227484613496832,NONE
1251227716860416004,AGAINST
1251227730387120129,NONE
1251227766839668738,FAVOR
1251227776616730625,NONE
1251227813895639041,NONE
1251227884800356353,NONE
1251227885257371648,NONE
1251227907210596354,FAVOR
1251227984050208773,FAVOR
1251228005072068608,FAVOR
1251228009845137412,AGAINST
1251228192049901575,NONE
1251228280461680640,AGAINST
1251228377597521922,NONE
1251228474548903937,FAVOR
1251228559391236096,AGAINST
1251228575560237056,AGAINST
1251228663867154432,AGAINST
1251228723883343873,NONE
1251228755118264321,NONE
1251228816191750150,NONE
1251228820188942346,AGAINST
1251228827759644673,NONE
1251228846591860737,NONE
1251228971527573504,FAVOR
1251229078176378881,NONE
1251229127945981952,NONE
1251229137928441857,NONE
1251229161039040515,NONE
1251229250050576384,FAVOR
1251229445106458624,AGAINST
1251229454053060609,FAVOR
1251229457672630272,AGAINST
1251229572479234048,NONE
1251229756130983942,NONE
1251229861550710784,NONE
1251229868873994241,NONE
1251229976080322560,NONE
1251230002659672071,AGAINST
1251230195731873792,NONE
1251230330297683969,FAVOR
1251230381593882624,NONE
1251230517225275393,FAVOR
1251230591107899392,NONE
1251230673697996800,NONE
1251230677858541568,AGAINST
1251230923863048193,NONE
1251231163097776128,NONE
1251231167300472836,AGAINST
1251231199323926536,AGAINST
1251231206953418753,NONE
1251231281662345216,NONE
1251231434335027200,FAVOR
1251231446175551495,NONE
1251231521928704001,AGAINST
1251231619945553921,NONE
1251231779534639105,AGAINST
1251231825067831296,NONE
1251231877383376897,AGAINST
1251231897440657409,FAVOR
1251232070782894082,NONE
1251232120409817089,AGAINST
1251232159974584320,NONE
1251232296323166208,NONE
1251232334604414976,NONE
1251232492528578562,FAVOR
1251232494827028481,NONE
1251232506420043776,NONE
1251232614545055744,NONE
1251232685629956096,NONE
1251232755356065792,NONE
1251232770707410944,AGAINST
1251232783407747073,FAVOR
1251232831319060480,NONE
1251232913053663233,NONE
1251233023363674112,NONE
1251233191991664644,NONE
1251233227609649160,FAVOR
1251233317753626624,NONE
1251233352297992194,NONE
1251233525380063232,NONE
1251233527120699401,FAVOR
1251233660889632769,NONE
1251233700454465536,NONE
1251233784370003968,NONE
1251233838719733760,NONE
1251234228152360960,NONE
1251234364681314304,NONE
1251234446633840645,AGAINST
1251234622706335745,NONE
1251234663080669184,NONE
1251234907914993666,NONE
1251234940051697675,AGAINST
1251234962453467144,NONE
1251235072331710466,NONE
1251235105688911873,AGAINST
1251235264523051009,NONE
1251235457653850112,NONE
1251235479808335877,FAVOR
1251235502297976832,NONE
1251235528122306560,NONE
1251235609697378304,AGAINST
1251235644413751298,NONE
1251235914480836609,AGAINST
1251236329029087233,FAVOR
1251236335677059075,NONE
1251236378307944455,FAVOR
1251236399019429888,NONE
1251236468590247941,NONE
1251236613205655553,NONE
1251236616166916097,NONE
1251236778826240004,AGAINST
1251236798791143426,NONE
1251236904021962752,FAVOR
1251236915426148352,NONE
1251236985840205829,NONE
1251237114353799173,NONE
1251237264438571008,NONE
1251238219666112514,NONE
1251238270140366849,FAVOR
1251238361043308544,NONE
1251238505973460992,NONE
1251238563699556352,NONE
1251238774132137988,AGAINST
1251238916658774018,FAVOR
1251238974313639937,NONE
1251239115229523968,NONE
1251239150948245504,AGAINST
1251239155234779138,NONE
1251239326316261376,NONE
1251239513206206466,FAVOR
1251239733495246849,FAVOR
1251239759193595904,NONE
1251239842593361921,AGAINST
1251240142913880065,NONE
1251240182189342721,NONE
1251240186396266505,NONE
1251240204381425664,NONE
1251240284836581378,AGAINST
1251240395071086592,NONE
1251240725829869575,FAVOR
1251240946504798208,NONE
1251241035608588290,NONE
1251241075785773056,NONE
1251241155699892225,NONE
1251241178995007499,NONE
1251241321777553409,NONE
1251241531299827712,NONE
1251241675915132931,AGAINST
1251241894329237504,NONE
1251242262194991114,NONE
1251242270889857025,FAVOR
1251242562582544384,AGAINST
1251242645877391363,NONE
1251242649547419648,AGAINST
1251242817705345024,NONE
1251242865713459200,FAVOR
1251242969300164614,NONE
1251243043640029184,FAVOR
1251243090154795010,NONE
1251243421395595264,NONE
1251243562592882688,FAVOR
1251243582565969920,FAVOR
1251243590052765697,NONE
1251243600995811328,AGAINST
1251243622667816961,AGAINST
1251243723704369152,NONE
1251243799298412546,FAVOR
1251243951136399361,FAVOR
1251243981121433605,AGAINST
1251244021705584642,AGAINST
1251244024729649153,NONE
1251244310957363202,NONE
1251244311225733125,NONE
1251244343521955847,FAVOR
1251244449314848768,NONE
1251244450661228547,NONE
1251244512141291528,FAVOR
1251244927473856512,AGAINST
1251245466299351040,FAVOR
1251245470158139392,AGAINST
1251245494577201153,FAVOR
1251245601225756672,FAVOR
1251245789529038848,NONE
1251246011143598082,NONE
1251246136192634881,FAVOR
1251246145289912320,NONE
1251246193713090561,NONE
1251246401763315718,FAVOR
1251246425029124097,NONE
1251246607514824707,AGAINST
1251246616704581638,FAVOR
1251246692697063426,NONE
1251247012772798466,NONE
1251247414280892418,NONE
1251247414389944322,FAVOR
1251247548704137216,NONE
1251247553875554305,FAVOR
1251247577598693378,NONE
1251247742187429888,NONE
1251247754606776320,NONE
1251247925331496961,NONE
1251247954351906816,FAVOR
1251247995330461696,NONE
1251248035952091136,FAVOR
1251248056709918721,NONE
1251248059851423744,AGAINST
1251248450370445313,NONE
1251248564866625538,AGAINST
1251248786028081153,NONE
1251248919247499265,FAVOR
1251249200056107008,AGAINST
1251249321112150018,AGAINST
1251249518923915265,NONE
1251249658124546051,FAVOR
1251249687321067528,AGAINST
1251249920415236098,FAVOR
1251249931030913024,NONE
1251249965164306436,AGAINST
1251249966653353984,NONE
1251249982067310592,NONE
1251250004582416386,AGAINST
1251250005605834759,AGAINST
1251250077936627718,AGAINST
1251250148505681921,FAVOR
1251250208471744514,NONE
1251250218840055817,NONE
1251250248543961088,NONE
1251250305985060867,NONE
1251250316521209858,AGAINST
1251250433668063233,NONE
1251250475703418883,NONE
1251250641206497284,NONE
1251250673443909632,NONE
1251250697741500418,AGAINST
1251250729760718849,NONE
1251250851525558273,FAVOR
1251250963089952769,NONE
1251250971759579136,NONE
1251250983495069696,FAVOR
1251251381987573767,NONE
1251251756706803712,NONE
1251251931776987136,NONE
1251252185184305155,FAVOR
1251252253530427392,NONE
1251252357914071040,AGAINST
1251252386829676545,NONE
1251252403568914432,NONE
1251252428411777024,AGAINST
1251252600776916993,NONE
1251252623765901314,NONE
1251252731869831171,AGAINST
1251252819874676737,NONE
1251253052088233984,NONE
1251253163371495424,NONE
1251253472223256580,FAVOR
1251253493278662657,FAVOR
1251253523334955008,NONE
1251253599339937795,NONE
1251253939858628608,FAVOR
1251253959349673984,FAVOR
1251253999568855042,FAVOR
1251254058196893699,AGAINST
1251254158134517764,AGAINST
1251254182188920832,AGAINST
1251254349130608646,NONE
1251254379728035843,NONE
1251254435478736897,FAVOR
1251254458388041728,NONE
1251254519784243201,FAVOR
1251254582350614533,AGAINST
1251254664923938818,AGAINST
1251254796838940681,AGAINST
1251254833077723136,AGAINST
1251254839281168384,FAVOR
1251254858369445893,NONE
1251254862370799616,NONE
1251254928363999235,AGAINST
1251255109520162819,NONE
1251255145922473992,NONE
1251255259265142787,AGAINST
1251255283717898254,NONE
1251255348352016384,AGAINST
1251255408603336704,NONE
1251255409500962818,FAVOR
1251255856903024641,NONE
1251255859960782850,NONE
1251256166447026178,NONE
1251256206112567301,NONE
1251256249821220864,AGAINST
1251256412107354112,AGAINST
1251256445238153216,NONE
1251256632870404096,NONE
1251256642215305219,NONE
1251256664969433089,NONE
1251256852526125061,FAVOR
1251257116662419456,NONE
1251257465536155652,NONE
1251257627667030016,NONE
1251257648395227136,NONE
1251257667638759424,FAVOR
1251257829219954688,NONE
1251257843539419136,AGAINST
1251258045637812225,FAVOR
1251258047462363137,NONE
1251258104563597316,AGAINST
1251258370100793346,FAVOR
1251258403671900165,AGAINST
1251258485699903488,NONE
1251258768018505730,AGAINST
1251258771046674433,NONE
1251258791028559873,FAVOR
1251259018351464449,NONE
1251259061431140360,AGAINST
1251259342260785152,NONE
1251259620124962821,NONE
1251259757224243200,AGAINST
1251259828439310339,NONE
1251259867320500232,AGAINST
1251259947612098561,FAVOR
1251260007561285637,AGAINST
1251260107679313922,FAVOR
1251260294258724870,AGAINST
1251260456355934210,NONE
1251260596265398274,NONE
1251260743757987850,FAVOR
1251260896304906240,AGAINST
1251261022897405960,AGAINST
1251261057135452163,FAVOR
1251261312757358592,NONE
1251261318474203143,NONE
1251261409872080896,FAVOR
1251261603942719489,AGAINST
1251261720296898560,FAVOR
1251261728207314944,NONE
1251261740890931200,AGAINST
1251261752106500098,FAVOR
1251261804749164545,FAVOR
1251261860952920064,NONE
1251262011960426497,FAVOR
1251262096618262528,AGAINST
1251262098421710860,AGAINST
1251262124631957507,NONE
1251262211726729216,FAVOR
1251262212083236867,NONE
1251262233012772864,NONE
1251262258564513792,AGAINST
1251262333491568640,NONE
1251262386675294209,NONE
1251262424017223681,AGAINST
1251262432422490112,AGAINST
1251262499631947776,NONE
1251262643203080192,NONE
1251262789613760518,FAVOR
1251262842675908608,NONE
1251262879728390150,FAVOR
1251262950528122882,AGAINST
1251263034191949825,FAVOR
1251263039803781120,AGAINST
1251263071957520385,NONE
1251263089166684160,NONE
1251263178434056194,AGAINST
1251263260751527947,AGAINST
1251263507129040896,AGAINST
1251263893260963840,NONE
1251264036941029376,FAVOR
1251264372841877504,NONE
1251264406966730754,AGAINST
1251264429309652993,AGAINST
1251264761012068359,FAVOR
1251264805148790784,NONE
1251265016650706945,NONE
1251265084757852176,FAVOR
1251265123852980226,NONE
1251265174268493824,NONE
1251265247144488960,NONE
1251265365155500034,NONE
1251265403658985472,AGAINST
1251265463335542784,NONE
1251265544189366272,NONE
1251265557308956673,NONE
1251265562472300544,NONE
1251265624266944513,NONE
1251265701387685889,NONE
1251266021148819456,AGAINST
1251266026223931392,NONE
1251266065889480704,NONE
1251266099964006401,NONE
1251266110256750595,NONE
1251266186123173888,FAVOR
1251266241395863554,NONE
1251266414033489921,NONE
1251266498657767429,NONE
1251266604362588160,NONE
1251266692359094273,NONE
1251266733085798403,NONE
1251266792955281416,FAVOR
1251266882818187264,NONE
1251266999755452419,NONE
1251267273370808321,NONE
1251267280534671360,AGAINST
1251267308678512641,NONE
1251267530112610305,AGAINST
1251267553302704139,NONE
1251267678070693888,AGAINST
1251267801639202817,AGAINST
1251267907796926464,AGAINST
1251268149527351296,FAVOR
1251268228703309827,NONE
1251268365844467716,AGAINST
1251268911074607110,FAVOR
1251268947267248132,NONE
1251269075059257353,NONE
1251269182555131908,AGAINST
1251269322514804745,NONE
1251269381381918723,NONE
1251269405415260161,NONE
1251269492224729092,AGAINST
1251269621627437056,FAVOR
1251269812040413184,NONE
1251269851001376779,NONE
1251269884660658176,NONE
1251269950108393472,AGAINST
1251270320054386688,AGAINST
1251270324961886214,NONE
1251270415659360256,NONE
1251270460844769280,NONE
1251270774171873280,NONE
1251270781490921479,NONE
1251270787664949249,NONE
1251270808716140546,FAVOR
1251270906468601861,AGAINST
1251270935195369473,NONE
1251270946649972736,NONE
1251271029051109377,NONE
1251271048210919424,NONE
1251271082809704450,NONE
1251271184999727109,NONE
1251271347159945216,FAVOR
1251271356693569537,NONE
1251271479544745984,AGAINST
1251271499853381632,FAVOR
1251271566937202690,FAVOR
1251271630300442625,NONE
1251271774341300226,NONE
1251271831807393793,NONE
1251271934140129280,FAVOR
1251272010409410562,NONE
1251272082463191040,FAVOR
1251272155008024585,NONE
1251272303217762304,NONE
1251272423850172416,AGAINST
1251272442187624450,NONE
1251272517689409542,FAVOR
1251272702410842119,NONE
1251272721151004674,NONE
1251272754684481539,NONE
1251272830026764288,FAVOR
1251272845721772032,NONE
1251272929167409153,FAVOR
1251273194088128519,FAVOR
1251273225763463174,AGAINST
1251273346290987010,AGAINST
1251273359805087746,AGAINST
1251273471369392129,FAVOR
1251273637342007296,NONE
1251273778153193472,NONE
1251273814132101120,AGAINST
1251273836332552199,AGAINST
1251273842699333632,NONE
1251273858352644099,FAVOR
1251273900643831808,NONE
1251273916934471680,NONE
1251273928934330372,FAVOR
1251273982969556998,AGAINST
1251274024988090368,AGAINST
1251274031904378880,FAVOR
1251274083515412481,AGAINST
1251274102914023429,FAVOR
1251274116335906825,NONE
1251274134363017219,FAVOR
1251274186464677890,AGAINST
1251274391561867269,NONE
1251274444741529601,NONE
1251274514572423168,NONE
1251274535741128705,FAVOR
1251274582356418560,AGAINST
1251274592750112769,AGAINST
1251274857796558850,AGAINST
1251274978353242113,FAVOR
1251275008216829952,FAVOR
1251275064579891200,FAVOR
1251275170561634304,NONE
1251275219614027776,FAVOR
1251275301721714693,FAVOR
1251275302568898561,NONE
1251275362664841217,NONE
1251275379546996737,NONE
1251275446886547456,FAVOR
1251275530130747392,NONE
1251275659147653120,FAVOR
1251276128439894016,AGAINST
1251276266826797056,FAVOR
1251276420258676738,AGAINST
1251276450386382848,AGAINST
1251276518019514373,FAVOR
1251276646814007297,FAVOR
1251276712878407680,NONE
1251276842675339265,AGAINST
1251277105263972352,AGAINST
1251277209756712961,AGAINST
1251277214810877958,FAVOR
1251277461238751232,FAVOR
1251277469568634884,NONE
1251277569200177152,NONE
1251277596203024384,NONE
1251277641174388744,FAVOR
1251277654239690753,AGAINST
1251277667107774466,AGAINST
1251277718920089603,FAVOR
1251277886520201218,NONE
1251277960176381956,NONE
1251277979436625920,NONE
1251277989712662529,FAVOR
1251278263126802433,NONE
1251278305241726983,NONE
1251278545986490368,FAVOR
1251278804720529411,AGAINST
1251278886714949633,NONE
1251278969795739649,AGAINST
1251278973838950407,FAVOR
1251279029489065988,NONE
1251279089316610048,AGAINST
1251279100016308228,FAVOR
1251279282627846145,AGAINST
1251279343655047168,AGAINST
1251279704524554242,NONE
1251279758060597249,NONE
1251279779476713478,FAVOR
1251279873122996224,AGAINST
1251279936649920512,NONE
1251280064710430720,FAVOR
1251280330666860544,NONE
1251280395053793280,FAVOR
1251280397008322566,FAVOR
1251280423491112961,NONE
1251280434232791040,AGAINST
1251280492730765312,AGAINST
1251280517401632768,FAVOR
1251280903013388290,AGAINST
1251280907937423360,NONE
1251280981174005761,NONE
1251281045401600000,FAVOR
1251281045426561025,NONE
1251281072773640193,FAVOR
1251281149810429956,NONE
1251281185986293762,NONE
1251281207276589058,FAVOR
1251281424981864450,AGAINST
1251281458637004800,AGAINST
1251281492896030722,FAVOR
1251281494192140290,FAVOR
1251281540933455875,AGAINST
1251281730536976385,NONE
1251281777190027264,NONE
1251281953250312195,NONE
1251282007360966662,FAVOR
1251282036427493377,NONE
1251282281832030209,FAVOR
1251282282557485056,NONE
1251282491006214144,AGAINST
1251282638905712641,NONE
1251282645675315200,FAVOR
1251282935824744448,FAVOR
1251283383273037830,NONE
1251283855635554304,NONE
1251284038637301764,NONE
1251284072464289793,NONE
1251284156601864192,FAVOR
1251284224449171459,AGAINST
1251284290446508035,NONE
1251284986289950720,NONE
1251285084612804608,NONE
1251285354939846668,NONE
1251285580308242433,NONE
1251285589669928961,FAVOR
1251285678442373120,AGAINST
1251285846654955521,NONE
1251285978607738885,FAVOR
1251286039798439936,AGAINST
1251286184904589320,NONE
1251286201325309952,NONE
1251286268744433664,AGAINST
1251286347450650626,NONE
1251286487276163072,FAVOR
1251286788930486273,AGAINST
1251286805183451136,FAVOR
1251287000851890176,FAVOR
1251287035043864579,NONE
1251287209182990336,FAVOR
1251287261305614337,FAVOR
1251287334630371335,AGAINST
1251287492650840069,AGAINST
1251287541204094976,NONE
1251287847019167750,FAVOR
1251288122135994375,FAVOR
1251288574315704321,NONE
1251288579143340032,NONE
1251288599267405824,NONE
1251288845271916545,FAVOR
1251289060611690497,FAVOR
1251289302698508292,NONE
1251289428594737152,FAVOR
1251289540121288705,AGAINST
1251289557204492288,AGAINST
1251289684602429440,AGAINST
1251289783499980801,AGAINST
1251289866425397249,NONE
1251289958461198336,AGAINST
1251290469813936131,NONE
1251290973998546945,FAVOR
1251291043217018880,NONE
1251291143981207553,NONE
1251291302702047232,NONE
1251291414471806986,NONE
1251291663584067584,AGAINST
1251292117919383552,NONE
1251292182134194176,NONE
1251292215177076738,NONE
1251292305815937024,FAVOR
1251292798306922498,NONE
1251293333466447872,AGAINST
1251293453654216704,AGAINST
1251293792449118211,NONE
1251293938243289090,NONE
1251294067423576070,AGAINST
1251294235472605184,NONE
1251294313939599367,NONE
1251294341689159680,FAVOR
1251294377126662145,NONE
1251294833026781185,NONE
1251294956053884929,NONE
1251295026623152128,NONE
1251295205749383168,AGAINST
1251295235394736135,NONE
1251295340344549376,NONE
1251295650886545408,NONE
1251295831979933696,FAVOR
1251295991384412160,FAVOR
1251296260826398720,AGAINST
1251296405379047424,FAVOR
1251296609016651777,AGAINST
1251296615131942918,FAVOR
1251296691430531072,NONE
1251296803502333966,AGAINST
1251296883621785602,FAVOR
1251297396023164928,AGAINST
1251297571596898304,AGAINST
1251297588017430529,AGAINST
1251297768318124032,NONE
1251297855102488581,NONE
1251297917245124609,NONE
1251298084539248640,FAVOR
1251298148846354443,AGAINST
1251298690695942147,FAVOR
1251298767371976704,NONE
1251299040362246144,NONE
1251299168334811136,NONE
1251299175091798017,FAVOR
1251299176425631745,NONE
1251299889063104513,FAVOR
1251299945530953730,FAVOR
1251300167032156160,AGAINST
1251300291976331264,NONE
1251300315841863680,FAVOR
1251300362566406144,AGAINST
1251300416177963019,FAVOR
1251300675050340352,NONE
1251300748895203328,NONE
1251300832592703500,FAVOR
1251301003984547840,NONE
1251301319765372928,AGAINST
1251301492612628481,FAVOR
1251301561214566401,AGAINST
1251301620769488903,AGAINST
1251301678969692160,NONE
1251301832728760321,FAVOR
1251302098429374464,NONE
1251302288846512128,NONE
1251302292277649410,FAVOR
1251302609853562881,NONE
1251302924581470210,AGAINST
1251302966742659073,NONE
1251303026670829569,NONE
1251303420905967616,FAVOR
1251303597259673602,FAVOR
1251303707502940161,NONE
1251303797542072324,AGAINST
1251303803216936962,NONE
1251303999313190916,NONE
1251304103252197377,FAVOR
1251304127050768385,NONE
1251304134541803522,FAVOR
1251304301072392192,NONE
1251304345036926976,AGAINST
1251305317419249664,AGAINST
1251305425057783811,FAVOR
1251305429642162184,NONE
1251305454073868290,FAVOR
1251305837949120512,NONE
1251306011350179840,NONE
1251306044074180614,NONE
1251306196671365121,FAVOR
1251306349415235590,NONE
1251306577098952704,AGAINST
1251306824155852800,NONE
1251306919740026880,NONE
1251306922323726337,NONE
1251307057103372290,NONE
1251307205388726272,NONE
1251307250062327808,NONE
1251307394908463104,NONE
1251307479360663553,NONE
1251307547044315136,NONE
1251307660210831360,FAVOR
1251307678883811336,AGAINST
1251307970413158405,NONE
1251308058766082050,NONE
1251308436219887619,AGAINST
1251308846406086657,NONE
1251308918954999808,AGAINST
1251309034000527360,FAVOR
1251309561920679936,NONE
1251309639997640704,FAVOR
1251309719685230592,FAVOR
1251309856830525441,FAVOR
1251310368556814337,NONE
1251310702427541509,AGAINST
1251310799496392704,NONE
1251310880727261185,AGAINST
1251310916093620225,NONE
1251311079273033728,NONE
1251311285150650369,FAVOR
1251311485726457856,FAVOR
1251311770544660480,NONE
1251311844305895426,NONE
1251312020596461568,NONE
1251312021817065472,FAVOR
1251312049835118594,NONE
1251312245125992448,NONE
1251312295663357952,FAVOR
1251312674220265472,NONE
1251312829162049537,AGAINST
1251312893456535552,NONE
1251313154765795329,FAVOR
1251313210109464576,NONE
1251313549604872193,NONE
1251313616785149953,NONE
1251313808917688320,NONE
1251313959938019328,NONE
1251314146173468673,AGAINST
1251314207594893312,AGAINST
1251314286149976065,NONE
1251314304168722433,FAVOR
1251314306404278272,NONE
1251314410125012993,AGAINST
1251314638815244290,NONE
1251314775159721985,NONE
1251314813474496515,AGAINST
1251315009470242816,AGAINST
1251315344146345996,AGAINST
1251315721843412992,FAVOR
1251315760946962433,AGAINST
1251315905860173824,NONE
1251316456291065857,NONE
1251316609685348353,AGAINST
1251316622662537221,AGAINST
1251316688772980736,NONE
1251317052440145920,NONE
1251317184888025093,NONE
1251317291565883395,NONE
1251317446356504576,AGAINST
1251317496449314818,AGAINST
1251317691974955009,FAVOR
1251317866521071623,AGAINST
1251317953494241280,NONE
1251318010221957120,NONE
1251318018619191298,AGAINST
1251318345879748608,NONE
1251318396580487169,AGAINST
1251318421368627202,NONE
1251318617939025920,FAVOR
1251318663342362624,NONE
1251318973515341824,FAVOR
1251318988501639170,NONE
1251318998953652224,NONE
1251319064095571969,NONE
1251319209881108485,NONE
1251319398125776896,NONE
1251319478329229312,FAVOR
1251319859431915520,NONE
1251319974896926720,AGAINST
1251320145009692672,FAVOR
1251320182242492417,NONE
1251320262802497539,NONE
1251320311578079234,AGAINST
1251320342716522497,NONE
1251320406319009792,NONE
1251320467723481089,NONE
1251320574472847366,FAVOR
1251320585134632960,NONE
1251320600427204608,FAVOR
1251320734355296256,AGAINST
1251321349420617731,AGAINST
1251321434703564801,NONE
1251321725213716480,NONE
1251321736148246528,NONE
1251321904272572417,FAVOR
1251321929937547265,NONE
1251322271744098304,AGAINST
1251322409187069953,NONE
1251322677572194306,AGAINST
1251322778180964352,AGAINST
1251322785277915137,NONE
1251322833726300160,NONE
1251322913745231872,NONE
1251322960045993984,NONE
1251323070729474048,NONE
1251323096205627393,FAVOR
1251323341073334273,AGAINST
1251323561731645440,AGAINST
1251323939441311746,NONE
1251324193418784771,NONE
1251324210661687301,FAVOR
1251324323740164097,AGAINST
1251324373056667649,AGAINST
1251324446066880512,AGAINST
1251324493529673730,NONE
1251325027636690946,AGAINST
1251325251008552960,NONE
1251325257283104768,AGAINST
1251325283862528006,NONE
1251325320940011520,AGAINST
1251325506508804103,NONE
1251325594916323330,FAVOR
1251325669805486080,AGAINST
1251325724624994304,FAVOR
1251325733240070144,AGAINST
1251325856858988544,NONE
1251325872688320513,FAVOR
1251326389804032000,NONE
1251326425937805312,AGAINST
1251326584943935489,NONE
1251326651310305280,NONE
1251326798752776193,NONE
1251326800493453312,AGAINST
1251327297224937475,NONE
1251327316288057346,FAVOR
1251327413335863299,AGAINST
1251327820971642885,NONE
1251328152590311429,FAVOR
1251328362850779138,NONE
1251328492370825220,NONE
1251328613078544386,FAVOR
1251328627079147520,NONE
1251328681408180226,NONE
1251329167649640452,AGAINST
1251329249644077056,AGAINST
1251329301623930880,AGAINST
1251330259779272707,FAVOR
1251330426540568577,AGAINST
1251330520870383616,FAVOR
1251330657202122753,NONE
1251330798067658752,NONE
1251330810633912320,NONE
1251330871887527937,NONE
1251331014665912320,NONE
1251331078993981440,AGAINST
1251331178931654661,AGAINST
1251331224246923265,NONE
1251331392216035329,NONE
1251331471777751040,NONE
1251331686652153856,AGAINST
1251331727735132160,AGAINST
1251332201263837186,AGAINST
1251332406725840896,NONE
1251332446190272512,NONE
1251332474279301122,NONE
1251332876974637057,NONE
1251332921887203328,
1251333110899367936,
1251333397919592448,
1251333458648915969,
1251333537829183488,
1251333703395151877,
1251333712496730112,
1251333757983797248,
1251334124889047043,
1251334284230758400,
1251334510337232896,
1251334547129671682,
1251334609733914624,
1251334684421894147,
1251334865687101441,
1251335102262632448,
1251335341363126278,
1251335390406950913,
1251335504018038784,
1251335514839552000,
1251335592966869003,
1251335621886357504,
1251335672423571457,
1251336221541818368,
1251336296817033217,
1251336318014984193,
1251336543651930113,
1251336802994016266,
1251336823256694795,
1251337003033116673,
1251337273536282630,
1251337484325306368,
1251337563941605378,
1251337666869616645,
1251337830489604096,
1251337884931706881,
1251337947552587776,
1251338075889758209,
1251338178809618433,
1251338218743701505,
1251338318207307776,
1251338396682854400,
1251338512793653249,
1251338523011100672,
1251338866704990209,
1251339047764664322,
1251339067943317504,
1251339127636635649,
1251339190022762496,
1251339211048976386,
1251339486719438850,
1251339545708072961,
1251339683285491712,
1251339715330150405,
1251340536528715778,
1251340548507439104,
1251340552576004097,
1251340887730409477,
1251341205167919106,
1251341230283255808,
1251341317633908743,
1251341411892563968,
1251341442229944321,
1251341472483467269,
1251341709247746048,
1251342458459480064,
1251342669005180928,
1251342752391950337,
1251342790170214400,
1251342791067734022,
1251342832318558209,
1251342875884957696,
1251343316232306688,
1251343497367449600,
1251343644382187520,
1251343646495870976,
1251343698001924098,
1251343732890308608,
1251343973576110080,
1251344261502492672,
1251344546010628097,
1251344553313030146,
1251344594257670145,
1251344799002574852,
1251344869739491328,
1251345088690581504,
1251345369897861120,
1251345534872322051,
1251345569643192320,
1251345956466982915,
1251346044669120513,
1251346189389303808,
1251346206678298624,
1251346284679557122,
1251346725601710081,
1251346864147820544,
1251347304138723328,
1251347992176668673,
1251348000120569857,
1251348088830205952,
1251348403394695168,
1251348413804736513,
1251348507165970434,
1251349032804458496,
1251349213088079872,
1251349321754136576,
1251349337549926401,
1251349405891874817,
1251349529158434817,
1251349765285019648,
1251349811632025601,
1251349875041562625,
1251349990821093376,
1251350190746976256,
1251351138831683590,
1251351300085878786,
1251351372282449920,
1251351380658282497,
1251351380847190016,
1251351395199934464,
1251351395468480515,
1251351546337640450,
1251351712297897985,
1251352076023717889,
1251352172828061696,
1251352211814322176,
1251352232936697857,
1251352355154432000,
1251352505386061824,
1251352569190002688,
1251352768603844608,
1251352873406996480,
1251353129624403968,
1251353293810544641,
1251353444541177856,
1251353535737888775,
1251353849467678725,
1251353883164590080,
1251354198949519361,
1251354214640443392,
1251354407402381313,
1251354434128535553,
1251354434866577409,
1251354519226560512,
1251354588667539456,
1251354624944033794,
1251354633538158592,
1251355076477644809,
1251355189761589251,
1251355217225871360,
1251355598047703040,
1251355614451658752,
1251355931666903042,
1251355979133976576,
1251355996016041987,
1251356148130709507,
1251356289822752768,
1251356533293608964,
1251356657575030784,
1251356696103907332,
1251357026212384768,
1251357294916521986,
1251357467570606081,
1251357513376768001,
1251357600354045952,
1251357717794451456,
1251357841471860738,
1251357865442336768,
1251357939878649857,
1251357960883724288,
1251357983738454018,
1251358136885182465,
1251358168342360071,
1251358218082611200,
1251358371246039041,
1251358562221273089,
1251358665010868226,
1251358670505619457,
1251358819709521921,
1251358950253039616,
1251359077348839425,
1251359172135751680,
1251359439833100288,
1251359440051343361,
1251359526478950400,
1251359582825222146,
1251359629457547268,
1251359713859497984,
1251359764287758338,
1251359769001988097,
1251359772554563584,
1251359977513590784,
1251360264378822656,
1251360464854028288,
1251360501239435265,
1251360529433554944,
1251360568591564802,
1251360604419284998,
1251360878684893185,
1251360957420449792,
1251361136257032193,
1251361445960392710,
1251361695987105792,
1251361731747643394,
1251361924937220101,
1251362142973906946,
1251362270304538624,
1251362305180184583,
1251362342815838209,
1251362510529343489,
1251362696429072384,
1251362705165873152,
1251362958090702848,
1251363090114834433,
1251363204342702080,
1251363513483833347,
1251363712042250241,
1251363788567109632,
1251364003324080130,
1251364230931988480,
1251364415900979201,
1251364673552650240,
1251364860325175296,
1251365041619767303,
1251365100906139648,
1251365448244846594,
1251365467576549381,
1251365659071692803,
1251365675202834432,
1251365763535044615,
1251365770879135744,
1251365905579335681,
1251366025003708416,
1251366052258123776,
1251366360665526272,
1251366512264392706,
1251366637204365313,
1251366961428049922,
1251366969930141702,
1251367094899245057,
1251367115493441538,
1251367666864009216,
1251367762041028609,
1251367763953758208,
1251367876319162368,
1251367910083137536,
1251367933772795906,
